method,num_vertices,num_edges,available_colors,original_qubits,original_depth,original_gates,timestamp,job_id,transpiled_qubits,transpiled_depth,transpiled_gates,success_probability,total_shots,backend_name
vcgc,2,1,2,3,12,21,2025-08-29T14:52:54.233625,d2ove1tpoa4c73c89qqg,3,34,63,0.537,1000,ibm_torino
original,2,1,2,5,9,19,2025-08-29T14:53:28.806808,d2oveas94j0s73a38om0,5,60,159,0.504,1000,ibm_torino
simple,2,1,2,4,18,28,2025-08-29T14:54:05.335135,d2ovejj7d31s73adlsm0,4,42,96,0.455,1000,ibm_torino
minimal,2,1,2,4,19,29,2025-08-29T14:54:39.773483,d2oves5poa4c73c89rjg,4,42,96,0.512,1000,ibm_torino
balanced,2,1,2,4,18,28,2025-08-29T14:55:13.805164,d2ovf4j7d31s73adlt80,4,42,96,0.431,1000,ibm_torino
vcgc,3,2,2,4,15,30,2025-08-29T14:55:48.083286,d2ovfd5poa4c73c89s5g,4,88,222,0.859,1000,ibm_torino
original,3,2,2,7,18,36,2025-08-29T14:56:22.338525,d2ovfls94j0s73a38pu0,7,129,439,0.233,1000,ibm_torino
simple,3,2,2,6,28,45,2025-08-29T14:56:59.588517,d2ovfutpoa4c73c89smg,6,138,463,0.673,1000,ibm_torino
minimal,3,2,2,6,28,45,2025-08-29T14:57:34.007241,d2ovg7k94j0s73a38qg0,6,135,448,0.673,1000,ibm_torino
balanced,3,2,2,6,28,45,2025-08-29T14:58:08.329377,d2ovgg5t2ras73bck800,6,134,463,0.652,1000,ibm_torino
vcgc,4,3,2,6,21,44,2025-08-29T14:58:42.455531,d2ovgolpoa4c73c89th0,6,204,642,0.358,1000,ibm_torino
original,4,3,2,9,28,53,2025-08-29T14:59:17.152899,d2ovh1c94j0s73a38r9g,9,293,1145,0.195,1000,ibm_torino
simple,4,3,2,8,28,62,2025-08-29T14:59:51.580530,d2ovha5poa4c73c89u30,8,247,875,0.285,1000,ibm_torino
minimal,4,3,2,8,38,83,2025-08-29T15:00:26.195836,d2ovhik94j0s73a38rqg,8,323,1157,0.32,1000,ibm_torino
balanced,4,3,2,8,28,62,2025-08-29T15:01:00.637493,d2ovhrdt2ras73bck9ag,8,249,924,0.305,1000,ibm_torino
vcgc,5,4,2,8,27,56,2025-08-29T15:01:35.664451,d2ovi437d31s73adm03g,8,388,1349,0.205,1000,ibm_torino
original,5,4,2,11,38,70,2025-08-29T15:02:10.874340,d2ovicr7d31s73adm0dg,11,443,1851,0.08,1000,ibm_torino
simple,5,4,2,10,28,79,2025-08-29T15:02:45.562532,d2ovilk94j0s73a38t1g,10,389,1575,0.145,1000,ibm_torino
minimal,5,4,2,9,38,99,2025-08-29T15:03:19.844638,d2oviu5t2ras73bckabg,9,409,1565,0.159,1000,ibm_torino
balanced,5,4,2,9,38,102,2025-08-29T15:03:55.315945,d2ovj6tt2ras73bckam0,9,398,1532,0.158,1000,ibm_torino
